{"cameraMode":{"drawMode":0,"name":"Shaded","section":"Shading Mode"},"sceneLighting":true,"audioPlay":false,"sceneViewState":{"m_AlwaysRefresh":false,"showFog":true,"showSkybox":true,"showFlares":true,"showImageEffects":true,"showParticleSystems":true,"showVisualEffectGraphs":true,"m_FxEnabled":true},"in2DMode":false,"pivot":{"x":71.47393798828125,"y":3.3455963134765627,"z":-7.8693413734436039},"rotation":{"x":0.21720319986343385,"y":-0.7411338686943054,"z":0.28306928277015688,"w":0.5688345432281494},"size":94.58026885986328,"orthographic":false}