{"cameraMode":{"drawMode":0,"name":"Shaded","section":"Shading Mode"},"sceneLighting":true,"audioPlay":false,"sceneViewState":{"m_AlwaysRefresh":false,"showFog":true,"showSkybox":true,"showFlares":true,"showImageEffects":true,"showParticleSystems":true,"showVisualEffectGraphs":true,"m_FxEnabled":true},"in2DMode":false,"pivot":{"x":93.15380096435547,"y":0.26709842681884768,"z":-0.17217588424682618},"rotation":{"x":0.17798811197280885,"y":-0.8050317168235779,"z":0.29781967401504519,"w":0.4812546372413635},"size":5.877789497375488,"orthographic":false}